base,source,feature,steerage,persona,question,mean_score,stddev_score,score,text
meta-llama/Meta-Llama-3.1-8B-Instruct,OUS,,0,,0,6.249595948591217,0.561763242724739,6,6.
meta-llama/Meta-Llama-3.1-8B-Instruct,OUS,,0,,1,2.741898619999357,1.0005897791310603,2,2.
meta-llama/Meta-Llama-3.1-8B-Instruct,OUS,,0,,2,5.848270855686246,0.5081892721125614,6,6.
meta-llama/Meta-Llama-3.1-8B-Instruct,OUS,,0,,3,3.3914609067884647,1.0812606026376326,2,"2. ( Note: This rating is based on the assumption that the statement is referring to a utilitarian approach where the ends justify the means, but the means themselves are still considered morally wrong. )"
meta-llama/Meta-Llama-3.1-8B-Instruct,OUS,,0,,4,5.814948466391465,0.6182127937781304,6,6.
meta-llama/Meta-Llama-3.1-8B-Instruct,OUS,,0,,5,2.7152785034830704,1.1504295840141732,2,"2. ( Note: This rating is based on the assumption that the statement is referring to a situation where there are no other options available and the information obtained would indeed prevent a large-scale loss of life. However, the statement itself is still highly"
meta-llama/Meta-Llama-3.1-8B-Instruct,OUS,,0,,6,6.0474141202345235,0.43270881112589116,6,6.
meta-llama/Meta-Llama-3.1-8B-Instruct,OUS,,0,,7,3.6789737210207365,0.961048622382992,4,4.
meta-llama/Meta-Llama-3.1-8B-Instruct,OUS,,0,,8,6.488330676234867,0.5163509884353458,6,6.
